Current Body Type,Target Body Type,Workout Plan,Diet Plan,Estimated Duration (Days)
Endomorph,Mesomorph,Full Body Strength 4x/week + Flexibility,"High Protein (35%), Low Carb (25%), Fiber Focus",167
Ectomorph,Ectomorph,Light Full Body Workout 3x/week + Flexibility,"Maintenance Calories, Balanced Profile (25P/45C/30F)",63
Mesomorph,Mesomorph,"Maintenance Routine: Strength 3x, Cardio 2x",Balanced Macronutrient Diet,82
Endomorph,Endomorph,Full Body Workout 3x/week + Active Recovery,Healthy Balanced Diet,31
Mesomorph,Ectomorph,"High Volume Cardio, Low Weight Reps","Calorie Deficit, Carb Emphasis (55%)",91
Endomorph,Endomorph,Balanced Strength & Cardio 3x/2x week,Healthy Balanced Diet,75
Endomorph,Endomorph,Balanced Strength & Cardio 3x/2x week,"Maintenance Calories, Balanced Profile (30P/40C/30F)",82
Endomorph,Mesomorph,Strength & Weight Lifting 5x/week,"Lean Protein Focus, Reduced Carbs",125
Mesomorph,Endomorph,"Weight Gain Focus: Light Lifting, No Cardio","High Calorie Balanced Diet, Calorie Surplus",110
Mesomorph,Ectomorph,"Endurance Training 4x/week, Light Resistance 1x/week","Low Protein Diet, Increased Cardio Fuel",98
Endomorph,Endomorph,Full Body Workout 3x/week + Active Recovery,Balanced Macronutrient Diet,57
Ectomorph,Ectomorph,"Maintenance Routine: Strength 3x, Cardio 2x",Healthy Balanced Diet,63
Endomorph,Ectomorph,"HIIT 3x/week, Long Cardio 1x/week","Carb-Focused Energy Diet, Protein 25%",79
Endomorph,Endomorph,Balanced Strength & Cardio 3x/2x week,Healthy Balanced Diet,51
Ectomorph,Mesomorph,Progressive Overload Lifting 4x/week,Calorie Surplus (~500kcal) + High Protein Shakes,177
Ectomorph,Endomorph,"Light Resistance 3x/week, No Cardio","Weight Gain Focus: High Fat (45%), Large Calorie Surplus",140
Ectomorph,Endomorph,Weight Gain Workout: Light Lifting 2x/week,"Weight Gain Focus: High Fat (45%), Large Calorie Surplus",146
Endomorph,Endomorph,Full Body Workout 3x/week + Active Recovery,Healthy Balanced Diet,82
Ectomorph,Endomorph,"Light Resistance 3x/week, No Cardio","Weight Gain Focus: High Fat (45%), Large Calorie Surplus",85
Mesomorph,Mesomorph,"Athletic Maintenance: Strength 4x, Cardio 1x",Balanced Macronutrient Diet,69
Mesomorph,Endomorph,"Minimal Cardio, Light Resistance 2x/week","Calorie Surplus (~500kcal), High Fat (35%)",78
Ectomorph,Endomorph,"Light Resistance 3x/week, No Cardio","High Calorie, High Fat Diet",146
Ectomorph,Endomorph,"Light Resistance 3x/week, No Cardio","Weight Gain Focus: High Fat (45%), Large Calorie Surplus",81
Mesomorph,Endomorph,Low Frequency Training 3x/week,"High Calorie Balanced Diet, Calorie Surplus",117
Endomorph,Mesomorph,"Strength Training 4x/week, Cardio 1x/week","High Protein (35%), Low Carb (25%), Fiber Focus",142
Endomorph,Ectomorph,Endurance & HIIT 4x/week,"High Carb, Moderate Protein, Calorie Deficit",74
Mesomorph,Mesomorph,Balanced Strength & Cardio 3x/2x week,"Maintenance Calories, Balanced Profile (35P/35C/30F)",83
Mesomorph,Mesomorph,"Maintenance Routine: Strength 3x, Cardio 2x","Maintenance Calories, Balanced Profile (35P/35C/30F)",40
Ectomorph,Mesomorph,Progressive Overload Lifting 4x/week,"High Protein, High Calorie Surplus",164
Ectomorph,Endomorph,"Light Resistance 3x/week, No Cardio","Weight Gain Focus: High Fat (45%), Large Calorie Surplus",102
Ectomorph,Ectomorph,"Maintenance Routine: Strength 3x, Cardio 2x","Maintenance Calories, Balanced Profile (25P/45C/30F)",61
Mesomorph,Ectomorph,Cardio Focus 5x/week,"Calorie Deficit, Carb Emphasis (55%)",66
Endomorph,Endomorph,Balanced Strength & Cardio 3x/2x week,"Maintenance Calories, Balanced Profile (30P/40C/30F)",75
Endomorph,Endomorph,Balanced Strength & Cardio 3x/2x week,Healthy Balanced Diet,59
Mesomorph,Ectomorph,Cardio Focus 5x/week,"High Carb, Low Protein, Calorie Deficit",77
Mesomorph,Ectomorph,Cardio Focus 5x/week,"Calorie Deficit, Carb Emphasis (55%)",87
Mesomorph,Mesomorph,"Maintenance Routine: Strength 3x, Cardio 2x","Maintenance Calories, Balanced Profile (35P/35C/30F)",46
Ectomorph,Endomorph,Weight Gain Workout: Light Lifting 2x/week,"High Calorie, High Fat Diet",149
Endomorph,Mesomorph,"Strength Training 4x/week, Cardio 1x/week","Lean Protein Focus, Reduced Carbs",163
Mesomorph,Endomorph,"Minimal Cardio, Light Resistance 2x/week","Calorie Surplus (~500kcal), High Fat (35%)",87
Endomorph,Mesomorph,Strength & Weight Lifting 5x/week,"High Protein, Low Carb",152
Ectomorph,Ectomorph,Light Full Body Workout 3x/week + Flexibility,Healthy Balanced Diet,38
Ectomorph,Mesomorph,"Muscle Gain Focus: Heavy Weights, Minimal Cardio","High Protein, High Calorie Surplus",140
Mesomorph,Mesomorph,"Maintenance Routine: Strength 3x, Cardio 2x",Balanced Macronutrient Diet,55
Endomorph,Ectomorph,"HIIT 3x/week, Long Cardio 1x/week","High Carb, Moderate Protein, Calorie Deficit",65
Mesomorph,Mesomorph,Balanced Strength & Cardio 3x/2x week,Performance Maintenance Diet,44
Ectomorph,Mesomorph,Progressive Overload Lifting 4x/week,"Muscle Gain Diet: High Protein (35%), High Carb (45%)",178
Endomorph,Endomorph,"Maintenance Routine: Strength 3x, Cardio 2x",Healthy Balanced Diet,48
Ectomorph,Mesomorph,Heavy Strength Training 5x/week,"Muscle Gain Diet: High Protein (35%), High Carb (45%)",130
Mesomorph,Endomorph,"Weight Gain Focus: Light Lifting, No Cardio","Weight Gain Diet, Balanced Macros",74
Ectomorph,Endomorph,"Light Resistance 3x/week, No Cardio","Weight Gain Focus: High Fat (45%), Large Calorie Surplus",110
Endomorph,Ectomorph,High Intensity Cardio Focus 4x/week,"High Carb, Moderate Protein, Calorie Deficit",105
Endomorph,Ectomorph,High Intensity Cardio Focus 4x/week,"Carb-Focused Energy Diet, Protein 25%",101
Mesomorph,Endomorph,Low Frequency Training 3x/week,"Weight Gain Diet, Balanced Macros",63
Endomorph,Ectomorph,Endurance & HIIT 4x/week,"Calorie Deficit (~500kcal), High Carb Fuel",82
Mesomorph,Ectomorph,Cardio Focus 5x/week,"Low Protein Diet, Increased Cardio Fuel",71
Mesomorph,Ectomorph,Cardio Focus 5x/week,"Calorie Deficit, Carb Emphasis (55%)",64
Ectomorph,Endomorph,"Light Resistance 3x/week, No Cardio","High Calorie, High Fat Diet",113
Ectomorph,Endomorph,"Light Resistance 3x/week, No Cardio","High Calorie, High Fat Diet",99
Endomorph,Ectomorph,"HIIT 3x/week, Long Cardio 1x/week","Calorie Deficit (~500kcal), High Carb Fuel",86
Endomorph,Endomorph,Balanced Strength & Cardio 3x/2x week,"Maintenance Calories, Balanced Profile (30P/40C/30F)",65
Endomorph,Endomorph,"Maintenance Routine: Strength 3x, Cardio 2x","Maintenance Calories, Balanced Profile (30P/40C/30F)",60
Ectomorph,Mesomorph,Progressive Overload Lifting 4x/week,"High Protein, High Calorie Surplus",148
Mesomorph,Mesomorph,Balanced Strength & Cardio 3x/2x week,Performance Maintenance Diet,37
Ectomorph,Ectomorph,Light Full Body Workout 3x/week + Flexibility,"Maintenance Calories, Balanced Profile (25P/45C/30F)",48
Ectomorph,Mesomorph,"Muscle Gain Focus: Heavy Weights, Minimal Cardio","Muscle Gain Diet: High Protein (35%), High Carb (45%)",170
Endomorph,Mesomorph,Strength & Weight Lifting 5x/week,"High Protein, Low Carb",122
Ectomorph,Endomorph,"Minimal Activity, Light Strength","Weight Gain Focus: High Fat (45%), Large Calorie Surplus",137
Endomorph,Mesomorph,Full Body Strength 4x/week + Flexibility,"High Protein, Low Carb",130
Endomorph,Endomorph,Balanced Strength & Cardio 3x/2x week,Healthy Balanced Diet,66
Ectomorph,Ectomorph,Balanced Strength & Cardio 3x/2x week,"Maintenance Calories, Balanced Profile (25P/45C/30F)",30
Mesomorph,Mesomorph,"Athletic Maintenance: Strength 4x, Cardio 1x",Balanced Macronutrient Diet,66
Ectomorph,Ectomorph,Light Full Body Workout 3x/week + Flexibility,"Maintenance Calories, Balanced Profile (25P/45C/30F)",65
Mesomorph,Ectomorph,"Endurance Training 4x/week, Light Resistance 1x/week","Calorie Deficit, Carb Emphasis (55%)",77
Ectomorph,Mesomorph,Heavy Strength Training 5x/week,Calorie Surplus (~500kcal) + High Protein Shakes,179
Mesomorph,Mesomorph,Balanced Strength & Cardio 3x/2x week,Balanced Macronutrient Diet,54
Endomorph,Ectomorph,High Intensity Cardio Focus 4x/week,"High Carb, Moderate Protein, Calorie Deficit",120
Endomorph,Mesomorph,Full Body Strength 4x/week + Flexibility,"High Protein, Low Carb",170
Ectomorph,Mesomorph,"Muscle Gain Focus: Heavy Weights, Minimal Cardio","High Protein, High Calorie Surplus",199
Endomorph,Mesomorph,Full Body Strength 4x/week + Flexibility,"High Protein (35%), Low Carb (25%), Fiber Focus",179
Mesomorph,Endomorph,"Weight Gain Focus: Light Lifting, No Cardio","Weight Gain Diet, Balanced Macros",89
Endomorph,Mesomorph,Strength & Weight Lifting 5x/week,"High Protein, Low Carb",165
Endomorph,Endomorph,Full Body Workout 3x/week + Active Recovery,"Maintenance Calories, Balanced Profile (30P/40C/30F)",79
Ectomorph,Mesomorph,Progressive Overload Lifting 4x/week,"Muscle Gain Diet: High Protein (35%), High Carb (45%)",169
Mesomorph,Ectomorph,"Endurance Training 4x/week, Light Resistance 1x/week","Calorie Deficit, Carb Emphasis (55%)",78
Endomorph,Mesomorph,Strength & Weight Lifting 5x/week,"High Protein, Low Carb",148
Ectomorph,Mesomorph,Progressive Overload Lifting 4x/week,"High Protein, High Calorie Surplus",157
Mesomorph,Mesomorph,Balanced Strength & Cardio 3x/2x week,Performance Maintenance Diet,37
Mesomorph,Ectomorph,"Endurance Training 4x/week, Light Resistance 1x/week","Calorie Deficit, Carb Emphasis (55%)",99
Mesomorph,Endomorph,Low Frequency Training 3x/week,"Calorie Surplus (~500kcal), High Fat (35%)",77
Endomorph,Mesomorph,"Strength Training 4x/week, Cardio 1x/week","High Protein (35%), Low Carb (25%), Fiber Focus",166
Ectomorph,Mesomorph,Progressive Overload Lifting 4x/week,Calorie Surplus (~500kcal) + High Protein Shakes,160
Endomorph,Endomorph,Balanced Strength & Cardio 3x/2x week,"Maintenance Calories, Balanced Profile (30P/40C/30F)",49
Ectomorph,Mesomorph,Heavy Strength Training 5x/week,"High Protein, High Calorie Surplus",178
Endomorph,Endomorph,Full Body Workout 3x/week + Active Recovery,Healthy Balanced Diet,65
Ectomorph,Mesomorph,Heavy Strength Training 5x/week,Calorie Surplus (~500kcal) + High Protein Shakes,121
Endomorph,Mesomorph,"Strength Training 4x/week, Cardio 1x/week","High Protein, Low Carb",178
Mesomorph,Mesomorph,"Athletic Maintenance: Strength 4x, Cardio 1x",Performance Maintenance Diet,82
Mesomorph,Ectomorph,Cardio Focus 5x/week,"High Carb, Low Protein, Calorie Deficit",63
Endomorph,Mesomorph,Full Body Strength 4x/week + Flexibility,"High Protein, Low Carb",175
Mesomorph,Ectomorph,"High Volume Cardio, Low Weight Reps","High Carb, Low Protein, Calorie Deficit",95
Endomorph,Endomorph,Balanced Strength & Cardio 3x/2x week,Balanced Macronutrient Diet,42
Ectomorph,Ectomorph,Balanced Strength & Cardio 3x/2x week,Healthy Balanced Diet,49
Ectomorph,Ectomorph,Light Full Body Workout 3x/week + Flexibility,Healthy Balanced Diet,87
Endomorph,Mesomorph,Strength & Weight Lifting 5x/week,"High Protein, Low Carb",120
Ectomorph,Mesomorph,Progressive Overload Lifting 4x/week,Calorie Surplus (~500kcal) + High Protein Shakes,140
Mesomorph,Mesomorph,"Maintenance Routine: Strength 3x, Cardio 2x","Maintenance Calories, Balanced Profile (35P/35C/30F)",53
Mesomorph,Mesomorph,Balanced Strength & Cardio 3x/2x week,Performance Maintenance Diet,56
Ectomorph,Endomorph,"Light Resistance 3x/week, No Cardio","High Calorie, High Fat Diet",112
Ectomorph,Ectomorph,"Maintenance Routine: Strength 3x, Cardio 2x",Healthy Balanced Diet,87
Mesomorph,Ectomorph,"Endurance Training 4x/week, Light Resistance 1x/week","High Carb, Low Protein, Calorie Deficit",75
Ectomorph,Endomorph,"Light Resistance 3x/week, No Cardio","Weight Gain Focus: High Fat (45%), Large Calorie Surplus",105
Ectomorph,Ectomorph,Light Full Body Workout 3x/week + Flexibility,"Maintenance Calories, Balanced Profile (25P/45C/30F)",46
Endomorph,Ectomorph,Endurance & HIIT 4x/week,"Calorie Deficit (~500kcal), High Carb Fuel",79
Endomorph,Mesomorph,Full Body Strength 4x/week + Flexibility,"High Protein, Low Carb",159
Ectomorph,Mesomorph,"Muscle Gain Focus: Heavy Weights, Minimal Cardio","Muscle Gain Diet: High Protein (35%), High Carb (45%)",190
Ectomorph,Mesomorph,"Muscle Gain Focus: Heavy Weights, Minimal Cardio","Muscle Gain Diet: High Protein (35%), High Carb (45%)",198
Mesomorph,Ectomorph,Cardio Focus 5x/week,"Calorie Deficit, Carb Emphasis (55%)",72
Mesomorph,Mesomorph,Balanced Strength & Cardio 3x/2x week,Balanced Macronutrient Diet,51
Endomorph,Ectomorph,High Intensity Cardio Focus 4x/week,"Carb-Focused Energy Diet, Protein 25%",110
Endomorph,Mesomorph,"Strength Training 4x/week, Cardio 1x/week","Lean Protein Focus, Reduced Carbs",174
Mesomorph,Mesomorph,Balanced Strength & Cardio 3x/2x week,Performance Maintenance Diet,56
Mesomorph,Mesomorph,"Athletic Maintenance: Strength 4x, Cardio 1x",Performance Maintenance Diet,79
Endomorph,Ectomorph,High Intensity Cardio Focus 4x/week,"Calorie Deficit (~500kcal), High Carb Fuel",67
Endomorph,Endomorph,"Maintenance Routine: Strength 3x, Cardio 2x",Balanced Macronutrient Diet,53
Ectomorph,Endomorph,Weight Gain Workout: Light Lifting 2x/week,"Weight Gain Focus: High Fat (45%), Large Calorie Surplus",82
Endomorph,Endomorph,"Maintenance Routine: Strength 3x, Cardio 2x",Balanced Macronutrient Diet,54
Mesomorph,Endomorph,Low Frequency Training 3x/week,"High Calorie Balanced Diet, Calorie Surplus",94
Mesomorph,Mesomorph,"Maintenance Routine: Strength 3x, Cardio 2x",Performance Maintenance Diet,73
Mesomorph,Endomorph,"Minimal Cardio, Light Resistance 2x/week","Weight Gain Diet, Balanced Macros",69
Mesomorph,Ectomorph,"High Volume Cardio, Low Weight Reps","High Carb, Low Protein, Calorie Deficit",72
Endomorph,Endomorph,"Maintenance Routine: Strength 3x, Cardio 2x",Healthy Balanced Diet,32
Ectomorph,Ectomorph,Light Full Body Workout 3x/week + Flexibility,"Maintenance Calories, Balanced Profile (25P/45C/30F)",89
Endomorph,Mesomorph,Strength & Weight Lifting 5x/week,"High Protein (35%), Low Carb (25%), Fiber Focus",121
Endomorph,Ectomorph,"HIIT 3x/week, Long Cardio 1x/week","Carb-Focused Energy Diet, Protein 25%",120
Ectomorph,Endomorph,"Minimal Activity, Light Strength","Large Surplus Diet (~700kcal), Fat Emphasis",82
Mesomorph,Mesomorph,"Maintenance Routine: Strength 3x, Cardio 2x",Balanced Macronutrient Diet,78
Ectomorph,Mesomorph,Heavy Strength Training 5x/week,"High Protein, High Calorie Surplus",136
Endomorph,Endomorph,"Maintenance Routine: Strength 3x, Cardio 2x","Maintenance Calories, Balanced Profile (30P/40C/30F)",56
Mesomorph,Ectomorph,"High Volume Cardio, Low Weight Reps","High Carb, Low Protein, Calorie Deficit",62
Endomorph,Ectomorph,"HIIT 3x/week, Long Cardio 1x/week","High Carb, Moderate Protein, Calorie Deficit",96
Endomorph,Ectomorph,High Intensity Cardio Focus 4x/week,"Calorie Deficit (~500kcal), High Carb Fuel",108
Ectomorph,Mesomorph,Progressive Overload Lifting 4x/week,"High Protein, High Calorie Surplus",136
Endomorph,Ectomorph,High Intensity Cardio Focus 4x/week,"Carb-Focused Energy Diet, Protein 25%",64
Ectomorph,Endomorph,"Minimal Activity, Light Strength","High Calorie, High Fat Diet",124
Mesomorph,Endomorph,Low Frequency Training 3x/week,"Weight Gain Diet, Balanced Macros",106
Endomorph,Endomorph,"Maintenance Routine: Strength 3x, Cardio 2x",Balanced Macronutrient Diet,62
Endomorph,Ectomorph,High Intensity Cardio Focus 4x/week,"Calorie Deficit (~500kcal), High Carb Fuel",80
Mesomorph,Endomorph,"Weight Gain Focus: Light Lifting, No Cardio","Weight Gain Diet, Balanced Macros",73
Mesomorph,Mesomorph,"Athletic Maintenance: Strength 4x, Cardio 1x","Maintenance Calories, Balanced Profile (35P/35C/30F)",32
Endomorph,Ectomorph,Endurance & HIIT 4x/week,"Carb-Focused Energy Diet, Protein 25%",114
Ectomorph,Endomorph,"Light Resistance 3x/week, No Cardio","Large Surplus Diet (~700kcal), Fat Emphasis",116
Ectomorph,Mesomorph,Heavy Strength Training 5x/week,Calorie Surplus (~500kcal) + High Protein Shakes,124
Mesomorph,Endomorph,Low Frequency Training 3x/week,"Weight Gain Diet, Balanced Macros",62
Mesomorph,Endomorph,"Minimal Cardio, Light Resistance 2x/week","High Calorie Balanced Diet, Calorie Surplus",77
Mesomorph,Mesomorph,Balanced Strength & Cardio 3x/2x week,Balanced Macronutrient Diet,46
Mesomorph,Ectomorph,"Endurance Training 4x/week, Light Resistance 1x/week","Low Protein Diet, Increased Cardio Fuel",71
Ectomorph,Mesomorph,Heavy Strength Training 5x/week,"Muscle Gain Diet: High Protein (35%), High Carb (45%)",182
Ectomorph,Mesomorph,Progressive Overload Lifting 4x/week,"Muscle Gain Diet: High Protein (35%), High Carb (45%)",151
Endomorph,Endomorph,"Maintenance Routine: Strength 3x, Cardio 2x","Maintenance Calories, Balanced Profile (30P/40C/30F)",31
Endomorph,Ectomorph,High Intensity Cardio Focus 4x/week,"Calorie Deficit (~500kcal), High Carb Fuel",87
Ectomorph,Ectomorph,Light Full Body Workout 3x/week + Flexibility,Healthy Balanced Diet,79
Mesomorph,Endomorph,"Weight Gain Focus: Light Lifting, No Cardio","High Calorie Balanced Diet, Calorie Surplus",70
Mesomorph,Mesomorph,"Maintenance Routine: Strength 3x, Cardio 2x",Balanced Macronutrient Diet,69
Mesomorph,Mesomorph,"Athletic Maintenance: Strength 4x, Cardio 1x",Balanced Macronutrient Diet,90
Endomorph,Endomorph,Full Body Workout 3x/week + Active Recovery,"Maintenance Calories, Balanced Profile (30P/40C/30F)",42
Mesomorph,Endomorph,"Weight Gain Focus: Light Lifting, No Cardio","Calorie Surplus (~500kcal), High Fat (35%)",83
Endomorph,Ectomorph,High Intensity Cardio Focus 4x/week,"High Carb, Moderate Protein, Calorie Deficit",118
Ectomorph,Endomorph,"Light Resistance 3x/week, No Cardio","Large Surplus Diet (~700kcal), Fat Emphasis",92
Endomorph,Ectomorph,Endurance & HIIT 4x/week,"High Carb, Moderate Protein, Calorie Deficit",97
Endomorph,Endomorph,"Maintenance Routine: Strength 3x, Cardio 2x","Maintenance Calories, Balanced Profile (30P/40C/30F)",50
Ectomorph,Endomorph,"Minimal Activity, Light Strength","Weight Gain Focus: High Fat (45%), Large Calorie Surplus",114
Endomorph,Endomorph,"Maintenance Routine: Strength 3x, Cardio 2x",Balanced Macronutrient Diet,61
Endomorph,Endomorph,Balanced Strength & Cardio 3x/2x week,Balanced Macronutrient Diet,57
Mesomorph,Ectomorph,"Endurance Training 4x/week, Light Resistance 1x/week","Low Protein Diet, Increased Cardio Fuel",99
Mesomorph,Endomorph,"Weight Gain Focus: Light Lifting, No Cardio","Calorie Surplus (~500kcal), High Fat (35%)",116
Mesomorph,Ectomorph,"High Volume Cardio, Low Weight Reps","Calorie Deficit, Carb Emphasis (55%)",70
Endomorph,Mesomorph,Strength & Weight Lifting 5x/week,"High Protein (35%), Low Carb (25%), Fiber Focus",130
Ectomorph,Endomorph,"Minimal Activity, Light Strength","Weight Gain Focus: High Fat (45%), Large Calorie Surplus",89
Mesomorph,Mesomorph,"Athletic Maintenance: Strength 4x, Cardio 1x",Performance Maintenance Diet,84
Ectomorph,Mesomorph,Progressive Overload Lifting 4x/week,Calorie Surplus (~500kcal) + High Protein Shakes,171
Mesomorph,Ectomorph,"Endurance Training 4x/week, Light Resistance 1x/week","High Carb, Low Protein, Calorie Deficit",80
Endomorph,Mesomorph,Strength & Weight Lifting 5x/week,"High Protein, Low Carb",165
Ectomorph,Mesomorph,Progressive Overload Lifting 4x/week,Calorie Surplus (~500kcal) + High Protein Shakes,138
Ectomorph,Ectomorph,Balanced Strength & Cardio 3x/2x week,Balanced Macronutrient Diet,90
Ectomorph,Ectomorph,"Maintenance Routine: Strength 3x, Cardio 2x","Maintenance Calories, Balanced Profile (25P/45C/30F)",59
Mesomorph,Endomorph,"Weight Gain Focus: Light Lifting, No Cardio","High Calorie Balanced Diet, Calorie Surplus",118
Mesomorph,Mesomorph,Balanced Strength & Cardio 3x/2x week,Performance Maintenance Diet,58
Ectomorph,Ectomorph,Light Full Body Workout 3x/week + Flexibility,Balanced Macronutrient Diet,44
Mesomorph,Mesomorph,Balanced Strength & Cardio 3x/2x week,Balanced Macronutrient Diet,50
Mesomorph,Ectomorph,Cardio Focus 5x/week,"Calorie Deficit, Carb Emphasis (55%)",84
Mesomorph,Ectomorph,"Endurance Training 4x/week, Light Resistance 1x/week","High Carb, Low Protein, Calorie Deficit",84
Ectomorph,Ectomorph,"Maintenance Routine: Strength 3x, Cardio 2x",Healthy Balanced Diet,75
Endomorph,Mesomorph,"Strength Training 4x/week, Cardio 1x/week","High Protein, Low Carb",139
Mesomorph,Ectomorph,Cardio Focus 5x/week,"Low Protein Diet, Increased Cardio Fuel",64
Ectomorph,Endomorph,"Minimal Activity, Light Strength","High Calorie, High Fat Diet",148
Ectomorph,Ectomorph,Light Full Body Workout 3x/week + Flexibility,Healthy Balanced Diet,44
Endomorph,Endomorph,Full Body Workout 3x/week + Active Recovery,Healthy Balanced Diet,41
Ectomorph,Mesomorph,Progressive Overload Lifting 4x/week,"Muscle Gain Diet: High Protein (35%), High Carb (45%)",124
Ectomorph,Ectomorph,"Maintenance Routine: Strength 3x, Cardio 2x",Balanced Macronutrient Diet,65
Ectomorph,Endomorph,Weight Gain Workout: Light Lifting 2x/week,"Weight Gain Focus: High Fat (45%), Large Calorie Surplus",92
Ectomorph,Mesomorph,Heavy Strength Training 5x/week,"High Protein, High Calorie Surplus",129
Ectomorph,Endomorph,"Minimal Activity, Light Strength","Large Surplus Diet (~700kcal), Fat Emphasis",108
Endomorph,Mesomorph,Full Body Strength 4x/week + Flexibility,"High Protein, Low Carb",166
Ectomorph,Endomorph,"Minimal Activity, Light Strength","High Calorie, High Fat Diet",115
Endomorph,Ectomorph,High Intensity Cardio Focus 4x/week,"High Carb, Moderate Protein, Calorie Deficit",68
Endomorph,Mesomorph,Strength & Weight Lifting 5x/week,"High Protein (35%), Low Carb (25%), Fiber Focus",169
Endomorph,Ectomorph,"HIIT 3x/week, Long Cardio 1x/week","Carb-Focused Energy Diet, Protein 25%",63
Ectomorph,Mesomorph,Progressive Overload Lifting 4x/week,"High Protein, High Calorie Surplus",140
Mesomorph,Mesomorph,"Maintenance Routine: Strength 3x, Cardio 2x",Performance Maintenance Diet,44
Mesomorph,Endomorph,"Minimal Cardio, Light Resistance 2x/week","Weight Gain Diet, Balanced Macros",115
Ectomorph,Ectomorph,Balanced Strength & Cardio 3x/2x week,Healthy Balanced Diet,41
Ectomorph,Ectomorph,"Maintenance Routine: Strength 3x, Cardio 2x",Balanced Macronutrient Diet,72
Ectomorph,Endomorph,"Minimal Activity, Light Strength","Large Surplus Diet (~700kcal), Fat Emphasis",129
Mesomorph,Endomorph,"Minimal Cardio, Light Resistance 2x/week","Calorie Surplus (~500kcal), High Fat (35%)",78
Mesomorph,Mesomorph,Balanced Strength & Cardio 3x/2x week,Performance Maintenance Diet,59
Ectomorph,Ectomorph,"Maintenance Routine: Strength 3x, Cardio 2x","Maintenance Calories, Balanced Profile (25P/45C/30F)",73
Ectomorph,Mesomorph,Heavy Strength Training 5x/week,"Muscle Gain Diet: High Protein (35%), High Carb (45%)",148
Endomorph,Mesomorph,"Strength Training 4x/week, Cardio 1x/week","Lean Protein Focus, Reduced Carbs",120
Endomorph,Endomorph,Full Body Workout 3x/week + Active Recovery,"Maintenance Calories, Balanced Profile (30P/40C/30F)",47
Ectomorph,Ectomorph,Balanced Strength & Cardio 3x/2x week,Balanced Macronutrient Diet,63
Mesomorph,Ectomorph,"Endurance Training 4x/week, Light Resistance 1x/week","High Carb, Low Protein, Calorie Deficit",86
Ectomorph,Endomorph,"Light Resistance 3x/week, No Cardio","Weight Gain Focus: High Fat (45%), Large Calorie Surplus",103
Mesomorph,Endomorph,"Minimal Cardio, Light Resistance 2x/week","Calorie Surplus (~500kcal), High Fat (35%)",63
Endomorph,Endomorph,Balanced Strength & Cardio 3x/2x week,Balanced Macronutrient Diet,39
Ectomorph,Ectomorph,Balanced Strength & Cardio 3x/2x week,Healthy Balanced Diet,78
Mesomorph,Ectomorph,"High Volume Cardio, Low Weight Reps","Calorie Deficit, Carb Emphasis (55%)",73
Mesomorph,Mesomorph,"Maintenance Routine: Strength 3x, Cardio 2x",Performance Maintenance Diet,41
Ectomorph,Mesomorph,Heavy Strength Training 5x/week,"Muscle Gain Diet: High Protein (35%), High Carb (45%)",157
Mesomorph,Ectomorph,"High Volume Cardio, Low Weight Reps","Low Protein Diet, Increased Cardio Fuel",64
Endomorph,Endomorph,Balanced Strength & Cardio 3x/2x week,"Maintenance Calories, Balanced Profile (30P/40C/30F)",49
Ectomorph,Mesomorph,Progressive Overload Lifting 4x/week,"High Protein, High Calorie Surplus",131
Ectomorph,Ectomorph,Balanced Strength & Cardio 3x/2x week,"Maintenance Calories, Balanced Profile (25P/45C/30F)",47
Mesomorph,Endomorph,Low Frequency Training 3x/week,"Weight Gain Diet, Balanced Macros",91
Endomorph,Ectomorph,Endurance & HIIT 4x/week,"Calorie Deficit (~500kcal), High Carb Fuel",101
Ectomorph,Endomorph,Weight Gain Workout: Light Lifting 2x/week,"Weight Gain Focus: High Fat (45%), Large Calorie Surplus",133
Mesomorph,Ectomorph,"Endurance Training 4x/week, Light Resistance 1x/week","Calorie Deficit, Carb Emphasis (55%)",89
Endomorph,Ectomorph,"HIIT 3x/week, Long Cardio 1x/week","High Carb, Moderate Protein, Calorie Deficit",84
Mesomorph,Ectomorph,Cardio Focus 5x/week,"High Carb, Low Protein, Calorie Deficit",98
Mesomorph,Ectomorph,"High Volume Cardio, Low Weight Reps","Low Protein Diet, Increased Cardio Fuel",67
Mesomorph,Mesomorph,"Athletic Maintenance: Strength 4x, Cardio 1x",Performance Maintenance Diet,52
Endomorph,Endomorph,Balanced Strength & Cardio 3x/2x week,Healthy Balanced Diet,90
Ectomorph,Mesomorph,Heavy Strength Training 5x/week,"Muscle Gain Diet: High Protein (35%), High Carb (45%)",132
Endomorph,Endomorph,"Maintenance Routine: Strength 3x, Cardio 2x","Maintenance Calories, Balanced Profile (30P/40C/30F)",38
Endomorph,Endomorph,Balanced Strength & Cardio 3x/2x week,Balanced Macronutrient Diet,63
Mesomorph,Ectomorph,"Endurance Training 4x/week, Light Resistance 1x/week","Calorie Deficit, Carb Emphasis (55%)",88
Mesomorph,Ectomorph,"High Volume Cardio, Low Weight Reps","High Carb, Low Protein, Calorie Deficit",80
Mesomorph,Mesomorph,"Maintenance Routine: Strength 3x, Cardio 2x",Performance Maintenance Diet,73
Ectomorph,Mesomorph,Progressive Overload Lifting 4x/week,"High Protein, High Calorie Surplus",165
Endomorph,Mesomorph,Strength & Weight Lifting 5x/week,"High Protein, Low Carb",139
Endomorph,Mesomorph,Full Body Strength 4x/week + Flexibility,"High Protein, Low Carb",157
Ectomorph,Ectomorph,Balanced Strength & Cardio 3x/2x week,Healthy Balanced Diet,78
Mesomorph,Mesomorph,"Maintenance Routine: Strength 3x, Cardio 2x",Performance Maintenance Diet,41
Endomorph,Mesomorph,Full Body Strength 4x/week + Flexibility,"High Protein (35%), Low Carb (25%), Fiber Focus",126
Ectomorph,Endomorph,"Light Resistance 3x/week, No Cardio","Large Surplus Diet (~700kcal), Fat Emphasis",121
Ectomorph,Endomorph,"Minimal Activity, Light Strength","High Calorie, High Fat Diet",86
Mesomorph,Ectomorph,"Endurance Training 4x/week, Light Resistance 1x/week","High Carb, Low Protein, Calorie Deficit",88
Ectomorph,Ectomorph,Balanced Strength & Cardio 3x/2x week,Balanced Macronutrient Diet,85
Ectomorph,Mesomorph,Heavy Strength Training 5x/week,"High Protein, High Calorie Surplus",142
Endomorph,Ectomorph,Endurance & HIIT 4x/week,"Calorie Deficit (~500kcal), High Carb Fuel",92
Endomorph,Endomorph,"Maintenance Routine: Strength 3x, Cardio 2x",Healthy Balanced Diet,80
Endomorph,Mesomorph,Strength & Weight Lifting 5x/week,"Lean Protein Focus, Reduced Carbs",156
Ectomorph,Ectomorph,"Maintenance Routine: Strength 3x, Cardio 2x",Healthy Balanced Diet,38
Ectomorph,Ectomorph,Light Full Body Workout 3x/week + Flexibility,Healthy Balanced Diet,68
Ectomorph,Endomorph,"Light Resistance 3x/week, No Cardio","Weight Gain Focus: High Fat (45%), Large Calorie Surplus",116
Endomorph,Ectomorph,Endurance & HIIT 4x/week,"Carb-Focused Energy Diet, Protein 25%",119
Endomorph,Endomorph,"Maintenance Routine: Strength 3x, Cardio 2x",Balanced Macronutrient Diet,86
Mesomorph,Ectomorph,"Endurance Training 4x/week, Light Resistance 1x/week","High Carb, Low Protein, Calorie Deficit",60
Mesomorph,Endomorph,"Weight Gain Focus: Light Lifting, No Cardio","Weight Gain Diet, Balanced Macros",71
Mesomorph,Mesomorph,"Maintenance Routine: Strength 3x, Cardio 2x",Performance Maintenance Diet,32
Endomorph,Mesomorph,"Strength Training 4x/week, Cardio 1x/week","Lean Protein Focus, Reduced Carbs",141
Mesomorph,Ectomorph,"Endurance Training 4x/week, Light Resistance 1x/week","Low Protein Diet, Increased Cardio Fuel",79
Mesomorph,Ectomorph,"Endurance Training 4x/week, Light Resistance 1x/week","Low Protein Diet, Increased Cardio Fuel",65
Mesomorph,Endomorph,"Minimal Cardio, Light Resistance 2x/week","Weight Gain Diet, Balanced Macros",95
Endomorph,Ectomorph,High Intensity Cardio Focus 4x/week,"Calorie Deficit (~500kcal), High Carb Fuel",69
Mesomorph,Mesomorph,Balanced Strength & Cardio 3x/2x week,Balanced Macronutrient Diet,39
Mesomorph,Mesomorph,"Athletic Maintenance: Strength 4x, Cardio 1x",Balanced Macronutrient Diet,30
Endomorph,Mesomorph,"Strength Training 4x/week, Cardio 1x/week","Lean Protein Focus, Reduced Carbs",144
Mesomorph,Endomorph,Low Frequency Training 3x/week,"High Calorie Balanced Diet, Calorie Surplus",68
Mesomorph,Mesomorph,Balanced Strength & Cardio 3x/2x week,"Maintenance Calories, Balanced Profile (35P/35C/30F)",80
Ectomorph,Ectomorph,Balanced Strength & Cardio 3x/2x week,"Maintenance Calories, Balanced Profile (25P/45C/30F)",75
Endomorph,Ectomorph,"HIIT 3x/week, Long Cardio 1x/week","High Carb, Moderate Protein, Calorie Deficit",85
Mesomorph,Mesomorph,"Athletic Maintenance: Strength 4x, Cardio 1x",Performance Maintenance Diet,50
Endomorph,Mesomorph,Strength & Weight Lifting 5x/week,"Lean Protein Focus, Reduced Carbs",130
Endomorph,Ectomorph,High Intensity Cardio Focus 4x/week,"High Carb, Moderate Protein, Calorie Deficit",80
Ectomorph,Mesomorph,"Muscle Gain Focus: Heavy Weights, Minimal Cardio","High Protein, High Calorie Surplus",185
Mesomorph,Endomorph,Low Frequency Training 3x/week,"Weight Gain Diet, Balanced Macros",73
Ectomorph,Endomorph,"Minimal Activity, Light Strength","Weight Gain Focus: High Fat (45%), Large Calorie Surplus",109
Ectomorph,Mesomorph,Heavy Strength Training 5x/week,"High Protein, High Calorie Surplus",188
Ectomorph,Ectomorph,"Maintenance Routine: Strength 3x, Cardio 2x",Balanced Macronutrient Diet,89
Endomorph,Ectomorph,High Intensity Cardio Focus 4x/week,"Calorie Deficit (~500kcal), High Carb Fuel",108
Endomorph,Ectomorph,High Intensity Cardio Focus 4x/week,"Carb-Focused Energy Diet, Protein 25%",70
Ectomorph,Ectomorph,"Maintenance Routine: Strength 3x, Cardio 2x",Healthy Balanced Diet,72
Mesomorph,Endomorph,"Weight Gain Focus: Light Lifting, No Cardio","Calorie Surplus (~500kcal), High Fat (35%)",104
Ectomorph,Endomorph,Weight Gain Workout: Light Lifting 2x/week,"Large Surplus Diet (~700kcal), Fat Emphasis",124
Endomorph,Mesomorph,"Strength Training 4x/week, Cardio 1x/week","Lean Protein Focus, Reduced Carbs",177
Ectomorph,Endomorph,Weight Gain Workout: Light Lifting 2x/week,"High Calorie, High Fat Diet",104
Endomorph,Ectomorph,High Intensity Cardio Focus 4x/week,"High Carb, Moderate Protein, Calorie Deficit",112
Ectomorph,Mesomorph,"Muscle Gain Focus: Heavy Weights, Minimal Cardio","Muscle Gain Diet: High Protein (35%), High Carb (45%)",154
Endomorph,Mesomorph,Strength & Weight Lifting 5x/week,"High Protein, Low Carb",135
Ectomorph,Endomorph,"Minimal Activity, Light Strength","High Calorie, High Fat Diet",86
Endomorph,Ectomorph,Endurance & HIIT 4x/week,"Carb-Focused Energy Diet, Protein 25%",69
Ectomorph,Endomorph,Weight Gain Workout: Light Lifting 2x/week,"High Calorie, High Fat Diet",102
Ectomorph,Mesomorph,Heavy Strength Training 5x/week,"Muscle Gain Diet: High Protein (35%), High Carb (45%)",129
Endomorph,Ectomorph,High Intensity Cardio Focus 4x/week,"Calorie Deficit (~500kcal), High Carb Fuel",109
Endomorph,Ectomorph,Endurance & HIIT 4x/week,"Carb-Focused Energy Diet, Protein 25%",85
Ectomorph,Ectomorph,Light Full Body Workout 3x/week + Flexibility,"Maintenance Calories, Balanced Profile (25P/45C/30F)",61
Endomorph,Endomorph,Full Body Workout 3x/week + Active Recovery,"Maintenance Calories, Balanced Profile (30P/40C/30F)",42
Mesomorph,Endomorph,"Weight Gain Focus: Light Lifting, No Cardio","Weight Gain Diet, Balanced Macros",117
Endomorph,Ectomorph,Endurance & HIIT 4x/week,"High Carb, Moderate Protein, Calorie Deficit",80
Ectomorph,Mesomorph,Heavy Strength Training 5x/week,"High Protein, High Calorie Surplus",124
Endomorph,Mesomorph,"Strength Training 4x/week, Cardio 1x/week","High Protein, Low Carb",135
Endomorph,Mesomorph,"Strength Training 4x/week, Cardio 1x/week","High Protein (35%), Low Carb (25%), Fiber Focus",163
Endomorph,Mesomorph,Strength & Weight Lifting 5x/week,"High Protein, Low Carb",163
Mesomorph,Mesomorph,Balanced Strength & Cardio 3x/2x week,Performance Maintenance Diet,87
Endomorph,Mesomorph,Full Body Strength 4x/week + Flexibility,"High Protein (35%), Low Carb (25%), Fiber Focus",175
Ectomorph,Mesomorph,Progressive Overload Lifting 4x/week,Calorie Surplus (~500kcal) + High Protein Shakes,121
Endomorph,Endomorph,Full Body Workout 3x/week + Active Recovery,"Maintenance Calories, Balanced Profile (30P/40C/30F)",87
Ectomorph,Endomorph,"Minimal Activity, Light Strength","Large Surplus Diet (~700kcal), Fat Emphasis",137
Endomorph,Mesomorph,"Strength Training 4x/week, Cardio 1x/week","High Protein, Low Carb",126
Ectomorph,Ectomorph,Light Full Body Workout 3x/week + Flexibility,Healthy Balanced Diet,62
Endomorph,Ectomorph,Endurance & HIIT 4x/week,"Calorie Deficit (~500kcal), High Carb Fuel",83
Mesomorph,Endomorph,Low Frequency Training 3x/week,"Weight Gain Diet, Balanced Macros",82
Mesomorph,Endomorph,"Minimal Cardio, Light Resistance 2x/week","Weight Gain Diet, Balanced Macros",61
Mesomorph,Ectomorph,"High Volume Cardio, Low Weight Reps","Calorie Deficit, Carb Emphasis (55%)",86
Mesomorph,Ectomorph,"High Volume Cardio, Low Weight Reps","High Carb, Low Protein, Calorie Deficit",100
Ectomorph,Ectomorph,"Maintenance Routine: Strength 3x, Cardio 2x","Maintenance Calories, Balanced Profile (25P/45C/30F)",56
Ectomorph,Endomorph,"Light Resistance 3x/week, No Cardio","Large Surplus Diet (~700kcal), Fat Emphasis",131
Ectomorph,Endomorph,"Minimal Activity, Light Strength","Weight Gain Focus: High Fat (45%), Large Calorie Surplus",116
Ectomorph,Endomorph,"Light Resistance 3x/week, No Cardio","Large Surplus Diet (~700kcal), Fat Emphasis",101
Mesomorph,Mesomorph,"Maintenance Routine: Strength 3x, Cardio 2x",Performance Maintenance Diet,66
Endomorph,Ectomorph,"HIIT 3x/week, Long Cardio 1x/week","Carb-Focused Energy Diet, Protein 25%",105
Mesomorph,Mesomorph,"Athletic Maintenance: Strength 4x, Cardio 1x",Balanced Macronutrient Diet,48
Ectomorph,Ectomorph,Balanced Strength & Cardio 3x/2x week,"Maintenance Calories, Balanced Profile (25P/45C/30F)",55
Mesomorph,Endomorph,"Weight Gain Focus: Light Lifting, No Cardio","High Calorie Balanced Diet, Calorie Surplus",109
Endomorph,Endomorph,Full Body Workout 3x/week + Active Recovery,Healthy Balanced Diet,43
Ectomorph,Mesomorph,Progressive Overload Lifting 4x/week,"Muscle Gain Diet: High Protein (35%), High Carb (45%)",153
Endomorph,Ectomorph,"HIIT 3x/week, Long Cardio 1x/week","Carb-Focused Energy Diet, Protein 25%",71
Mesomorph,Endomorph,"Minimal Cardio, Light Resistance 2x/week","High Calorie Balanced Diet, Calorie Surplus",104
Ectomorph,Mesomorph,"Muscle Gain Focus: Heavy Weights, Minimal Cardio","Muscle Gain Diet: High Protein (35%), High Carb (45%)",150
Endomorph,Mesomorph,"Strength Training 4x/week, Cardio 1x/week","High Protein, Low Carb",157
Ectomorph,Mesomorph,Progressive Overload Lifting 4x/week,"Muscle Gain Diet: High Protein (35%), High Carb (45%)",150
Ectomorph,Ectomorph,Balanced Strength & Cardio 3x/2x week,Balanced Macronutrient Diet,76
Ectomorph,Endomorph,"Minimal Activity, Light Strength","Weight Gain Focus: High Fat (45%), Large Calorie Surplus",112
Mesomorph,Endomorph,Low Frequency Training 3x/week,"High Calorie Balanced Diet, Calorie Surplus",80
Endomorph,Endomorph,Full Body Workout 3x/week + Active Recovery,"Maintenance Calories, Balanced Profile (30P/40C/30F)",51
Mesomorph,Ectomorph,Cardio Focus 5x/week,"Calorie Deficit, Carb Emphasis (55%)",80
Mesomorph,Ectomorph,"Endurance Training 4x/week, Light Resistance 1x/week","Calorie Deficit, Carb Emphasis (55%)",91
Mesomorph,Ectomorph,Cardio Focus 5x/week,"Calorie Deficit, Carb Emphasis (55%)",64
Mesomorph,Endomorph,Low Frequency Training 3x/week,"High Calorie Balanced Diet, Calorie Surplus",113
Endomorph,Endomorph,Balanced Strength & Cardio 3x/2x week,Healthy Balanced Diet,33
Endomorph,Mesomorph,"Strength Training 4x/week, Cardio 1x/week","High Protein (35%), Low Carb (25%), Fiber Focus",134
Ectomorph,Ectomorph,"Maintenance Routine: Strength 3x, Cardio 2x",Balanced Macronutrient Diet,70
Endomorph,Mesomorph,Full Body Strength 4x/week + Flexibility,"Lean Protein Focus, Reduced Carbs",146
Ectomorph,Endomorph,Weight Gain Workout: Light Lifting 2x/week,"Weight Gain Focus: High Fat (45%), Large Calorie Surplus",115
Mesomorph,Ectomorph,Cardio Focus 5x/week,"Low Protein Diet, Increased Cardio Fuel",70
Ectomorph,Ectomorph,Balanced Strength & Cardio 3x/2x week,"Maintenance Calories, Balanced Profile (25P/45C/30F)",70
Endomorph,Ectomorph,Endurance & HIIT 4x/week,"Calorie Deficit (~500kcal), High Carb Fuel",85
Ectomorph,Endomorph,"Minimal Activity, Light Strength","Weight Gain Focus: High Fat (45%), Large Calorie Surplus",115
Ectomorph,Endomorph,"Light Resistance 3x/week, No Cardio","Large Surplus Diet (~700kcal), Fat Emphasis",83
Endomorph,Endomorph,Full Body Workout 3x/week + Active Recovery,"Maintenance Calories, Balanced Profile (30P/40C/30F)",38
Endomorph,Mesomorph,Strength & Weight Lifting 5x/week,"High Protein, Low Carb",137
Endomorph,Endomorph,"Maintenance Routine: Strength 3x, Cardio 2x",Balanced Macronutrient Diet,38
Ectomorph,Ectomorph,"Maintenance Routine: Strength 3x, Cardio 2x",Balanced Macronutrient Diet,90
Ectomorph,Ectomorph,"Maintenance Routine: Strength 3x, Cardio 2x","Maintenance Calories, Balanced Profile (25P/45C/30F)",61
Endomorph,Endomorph,Full Body Workout 3x/week + Active Recovery,Healthy Balanced Diet,41
Endomorph,Endomorph,"Maintenance Routine: Strength 3x, Cardio 2x",Healthy Balanced Diet,62
Mesomorph,Endomorph,"Weight Gain Focus: Light Lifting, No Cardio","High Calorie Balanced Diet, Calorie Surplus",112
Mesomorph,Endomorph,Low Frequency Training 3x/week,"Weight Gain Diet, Balanced Macros",108
Mesomorph,Endomorph,"Minimal Cardio, Light Resistance 2x/week","Weight Gain Diet, Balanced Macros",94
Mesomorph,Ectomorph,"High Volume Cardio, Low Weight Reps","Low Protein Diet, Increased Cardio Fuel",81
Mesomorph,Mesomorph,Balanced Strength & Cardio 3x/2x week,Balanced Macronutrient Diet,55
Mesomorph,Endomorph,Low Frequency Training 3x/week,"Calorie Surplus (~500kcal), High Fat (35%)",105
Mesomorph,Mesomorph,"Athletic Maintenance: Strength 4x, Cardio 1x",Performance Maintenance Diet,55
Mesomorph,Endomorph,"Weight Gain Focus: Light Lifting, No Cardio","High Calorie Balanced Diet, Calorie Surplus",78
Endomorph,Mesomorph,Full Body Strength 4x/week + Flexibility,"High Protein, Low Carb",174
Ectomorph,Ectomorph,Light Full Body Workout 3x/week + Flexibility,Balanced Macronutrient Diet,64
Endomorph,Ectomorph,High Intensity Cardio Focus 4x/week,"Calorie Deficit (~500kcal), High Carb Fuel",96
Ectomorph,Ectomorph,"Maintenance Routine: Strength 3x, Cardio 2x","Maintenance Calories, Balanced Profile (25P/45C/30F)",82
Ectomorph,Ectomorph,Balanced Strength & Cardio 3x/2x week,Balanced Macronutrient Diet,30
Mesomorph,Ectomorph,"Endurance Training 4x/week, Light Resistance 1x/week","Low Protein Diet, Increased Cardio Fuel",91
Mesomorph,Endomorph,"Minimal Cardio, Light Resistance 2x/week","High Calorie Balanced Diet, Calorie Surplus",96
Mesomorph,Endomorph,Low Frequency Training 3x/week,"High Calorie Balanced Diet, Calorie Surplus",77
Endomorph,Endomorph,Full Body Workout 3x/week + Active Recovery,"Maintenance Calories, Balanced Profile (30P/40C/30F)",48
Ectomorph,Ectomorph,Balanced Strength & Cardio 3x/2x week,"Maintenance Calories, Balanced Profile (25P/45C/30F)",56
Mesomorph,Endomorph,"Minimal Cardio, Light Resistance 2x/week","Calorie Surplus (~500kcal), High Fat (35%)",68
Ectomorph,Endomorph,Weight Gain Workout: Light Lifting 2x/week,"Large Surplus Diet (~700kcal), Fat Emphasis",106
Endomorph,Endomorph,"Maintenance Routine: Strength 3x, Cardio 2x","Maintenance Calories, Balanced Profile (30P/40C/30F)",37
Mesomorph,Ectomorph,Cardio Focus 5x/week,"High Carb, Low Protein, Calorie Deficit",71
Endomorph,Mesomorph,Strength & Weight Lifting 5x/week,"High Protein (35%), Low Carb (25%), Fiber Focus",177
Mesomorph,Ectomorph,Cardio Focus 5x/week,"Low Protein Diet, Increased Cardio Fuel",95
Endomorph,Ectomorph,Endurance & HIIT 4x/week,"High Carb, Moderate Protein, Calorie Deficit",63
Mesomorph,Endomorph,"Minimal Cardio, Light Resistance 2x/week","High Calorie Balanced Diet, Calorie Surplus",116
Endomorph,Endomorph,"Maintenance Routine: Strength 3x, Cardio 2x",Balanced Macronutrient Diet,43
Mesomorph,Mesomorph,"Maintenance Routine: Strength 3x, Cardio 2x","Maintenance Calories, Balanced Profile (35P/35C/30F)",31
Ectomorph,Ectomorph,Light Full Body Workout 3x/week + Flexibility,"Maintenance Calories, Balanced Profile (25P/45C/30F)",74
Ectomorph,Mesomorph,Heavy Strength Training 5x/week,"High Protein, High Calorie Surplus",183
Ectomorph,Endomorph,Weight Gain Workout: Light Lifting 2x/week,"Weight Gain Focus: High Fat (45%), Large Calorie Surplus",130
Endomorph,Endomorph,Balanced Strength & Cardio 3x/2x week,Healthy Balanced Diet,48
Endomorph,Ectomorph,"HIIT 3x/week, Long Cardio 1x/week","Carb-Focused Energy Diet, Protein 25%",119
Endomorph,Mesomorph,Strength & Weight Lifting 5x/week,"Lean Protein Focus, Reduced Carbs",169
Mesomorph,Ectomorph,"Endurance Training 4x/week, Light Resistance 1x/week","Calorie Deficit, Carb Emphasis (55%)",87
Endomorph,Mesomorph,Strength & Weight Lifting 5x/week,"Lean Protein Focus, Reduced Carbs",150
Endomorph,Ectomorph,High Intensity Cardio Focus 4x/week,"Carb-Focused Energy Diet, Protein 25%",86
Mesomorph,Ectomorph,Cardio Focus 5x/week,"Low Protein Diet, Increased Cardio Fuel",85
Ectomorph,Ectomorph,"Maintenance Routine: Strength 3x, Cardio 2x",Balanced Macronutrient Diet,80
Endomorph,Ectomorph,"HIIT 3x/week, Long Cardio 1x/week","Calorie Deficit (~500kcal), High Carb Fuel",79
Mesomorph,Mesomorph,"Maintenance Routine: Strength 3x, Cardio 2x",Performance Maintenance Diet,52
Endomorph,Ectomorph,High Intensity Cardio Focus 4x/week,"Calorie Deficit (~500kcal), High Carb Fuel",66
Endomorph,Ectomorph,"HIIT 3x/week, Long Cardio 1x/week","High Carb, Moderate Protein, Calorie Deficit",118
Ectomorph,Endomorph,"Light Resistance 3x/week, No Cardio","Large Surplus Diet (~700kcal), Fat Emphasis",128
Endomorph,Endomorph,Balanced Strength & Cardio 3x/2x week,Healthy Balanced Diet,88
Mesomorph,Ectomorph,"High Volume Cardio, Low Weight Reps","High Carb, Low Protein, Calorie Deficit",91
Ectomorph,Endomorph,"Minimal Activity, Light Strength","Large Surplus Diet (~700kcal), Fat Emphasis",93
Endomorph,Endomorph,"Maintenance Routine: Strength 3x, Cardio 2x","Maintenance Calories, Balanced Profile (30P/40C/30F)",45
Endomorph,Ectomorph,"HIIT 3x/week, Long Cardio 1x/week","Carb-Focused Energy Diet, Protein 25%",60
Endomorph,Endomorph,"Maintenance Routine: Strength 3x, Cardio 2x","Maintenance Calories, Balanced Profile (30P/40C/30F)",32
Ectomorph,Endomorph,"Light Resistance 3x/week, No Cardio","Large Surplus Diet (~700kcal), Fat Emphasis",108
Ectomorph,Ectomorph,Light Full Body Workout 3x/week + Flexibility,Healthy Balanced Diet,66
Ectomorph,Ectomorph,Light Full Body Workout 3x/week + Flexibility,Healthy Balanced Diet,88
Mesomorph,Endomorph,Low Frequency Training 3x/week,"High Calorie Balanced Diet, Calorie Surplus",95
Endomorph,Ectomorph,High Intensity Cardio Focus 4x/week,"Carb-Focused Energy Diet, Protein 25%",79
Mesomorph,Endomorph,Low Frequency Training 3x/week,"High Calorie Balanced Diet, Calorie Surplus",90
Mesomorph,Endomorph,"Minimal Cardio, Light Resistance 2x/week","Weight Gain Diet, Balanced Macros",120
Endomorph,Ectomorph,"HIIT 3x/week, Long Cardio 1x/week","High Carb, Moderate Protein, Calorie Deficit",60
Mesomorph,Mesomorph,Balanced Strength & Cardio 3x/2x week,Balanced Macronutrient Diet,63
Mesomorph,Mesomorph,Balanced Strength & Cardio 3x/2x week,Balanced Macronutrient Diet,87
Endomorph,Endomorph,"Maintenance Routine: Strength 3x, Cardio 2x","Maintenance Calories, Balanced Profile (30P/40C/30F)",46
Ectomorph,Ectomorph,Light Full Body Workout 3x/week + Flexibility,Balanced Macronutrient Diet,71
Ectomorph,Mesomorph,Heavy Strength Training 5x/week,Calorie Surplus (~500kcal) + High Protein Shakes,162
Endomorph,Endomorph,"Maintenance Routine: Strength 3x, Cardio 2x",Healthy Balanced Diet,69
Ectomorph,Mesomorph,"Muscle Gain Focus: Heavy Weights, Minimal Cardio","High Protein, High Calorie Surplus",126
Mesomorph,Endomorph,Low Frequency Training 3x/week,"Calorie Surplus (~500kcal), High Fat (35%)",97
Mesomorph,Mesomorph,"Athletic Maintenance: Strength 4x, Cardio 1x","Maintenance Calories, Balanced Profile (35P/35C/30F)",42
Mesomorph,Ectomorph,"High Volume Cardio, Low Weight Reps","Low Protein Diet, Increased Cardio Fuel",83
Ectomorph,Endomorph,"Light Resistance 3x/week, No Cardio","Weight Gain Focus: High Fat (45%), Large Calorie Surplus",90
Endomorph,Endomorph,Full Body Workout 3x/week + Active Recovery,"Maintenance Calories, Balanced Profile (30P/40C/30F)",71
Mesomorph,Ectomorph,"High Volume Cardio, Low Weight Reps","High Carb, Low Protein, Calorie Deficit",85
Ectomorph,Ectomorph,Balanced Strength & Cardio 3x/2x week,Balanced Macronutrient Diet,41
Endomorph,Endomorph,Balanced Strength & Cardio 3x/2x week,Healthy Balanced Diet,31
Endomorph,Mesomorph,Full Body Strength 4x/week + Flexibility,"Lean Protein Focus, Reduced Carbs",125
Mesomorph,Mesomorph,"Athletic Maintenance: Strength 4x, Cardio 1x","Maintenance Calories, Balanced Profile (35P/35C/30F)",32
Ectomorph,Mesomorph,"Muscle Gain Focus: Heavy Weights, Minimal Cardio","High Protein, High Calorie Surplus",162
Endomorph,Ectomorph,"HIIT 3x/week, Long Cardio 1x/week","High Carb, Moderate Protein, Calorie Deficit",100
Mesomorph,Ectomorph,Cardio Focus 5x/week,"High Carb, Low Protein, Calorie Deficit",95
Ectomorph,Endomorph,Weight Gain Workout: Light Lifting 2x/week,"Large Surplus Diet (~700kcal), Fat Emphasis",86
Mesomorph,Mesomorph,Balanced Strength & Cardio 3x/2x week,"Maintenance Calories, Balanced Profile (35P/35C/30F)",54
Ectomorph,Mesomorph,"Muscle Gain Focus: Heavy Weights, Minimal Cardio","Muscle Gain Diet: High Protein (35%), High Carb (45%)",179
Mesomorph,Mesomorph,"Athletic Maintenance: Strength 4x, Cardio 1x","Maintenance Calories, Balanced Profile (35P/35C/30F)",75
Ectomorph,Mesomorph,Progressive Overload Lifting 4x/week,"Muscle Gain Diet: High Protein (35%), High Carb (45%)",130
Endomorph,Mesomorph,"Strength Training 4x/week, Cardio 1x/week","High Protein (35%), Low Carb (25%), Fiber Focus",135
Mesomorph,Ectomorph,"Endurance Training 4x/week, Light Resistance 1x/week","Calorie Deficit, Carb Emphasis (55%)",66
Mesomorph,Mesomorph,Balanced Strength & Cardio 3x/2x week,"Maintenance Calories, Balanced Profile (35P/35C/30F)",40
Ectomorph,Mesomorph,Progressive Overload Lifting 4x/week,Calorie Surplus (~500kcal) + High Protein Shakes,130
Mesomorph,Mesomorph,"Athletic Maintenance: Strength 4x, Cardio 1x",Performance Maintenance Diet,86
Ectomorph,Endomorph,"Minimal Activity, Light Strength","Large Surplus Diet (~700kcal), Fat Emphasis",147
Ectomorph,Endomorph,"Minimal Activity, Light Strength","Large Surplus Diet (~700kcal), Fat Emphasis",113
Ectomorph,Mesomorph,Heavy Strength Training 5x/week,Calorie Surplus (~500kcal) + High Protein Shakes,170
Endomorph,Mesomorph,"Strength Training 4x/week, Cardio 1x/week","Lean Protein Focus, Reduced Carbs",145
Endomorph,Mesomorph,"Strength Training 4x/week, Cardio 1x/week","Lean Protein Focus, Reduced Carbs",146
Endomorph,Mesomorph,"Strength Training 4x/week, Cardio 1x/week","Lean Protein Focus, Reduced Carbs",167
Ectomorph,Ectomorph,Balanced Strength & Cardio 3x/2x week,Balanced Macronutrient Diet,50
Ectomorph,Endomorph,"Light Resistance 3x/week, No Cardio","Weight Gain Focus: High Fat (45%), Large Calorie Surplus",147
Endomorph,Mesomorph,Full Body Strength 4x/week + Flexibility,"High Protein, Low Carb",175
Mesomorph,Endomorph,Low Frequency Training 3x/week,"Weight Gain Diet, Balanced Macros",79
Endomorph,Mesomorph,Full Body Strength 4x/week + Flexibility,"High Protein, Low Carb",180
Ectomorph,Endomorph,Weight Gain Workout: Light Lifting 2x/week,"High Calorie, High Fat Diet",120
Mesomorph,Endomorph,Low Frequency Training 3x/week,"Weight Gain Diet, Balanced Macros",71
Ectomorph,Mesomorph,"Muscle Gain Focus: Heavy Weights, Minimal Cardio",Calorie Surplus (~500kcal) + High Protein Shakes,199
Endomorph,Ectomorph,Endurance & HIIT 4x/week,"High Carb, Moderate Protein, Calorie Deficit",75
Endomorph,Ectomorph,High Intensity Cardio Focus 4x/week,"Carb-Focused Energy Diet, Protein 25%",63
Endomorph,Mesomorph,Full Body Strength 4x/week + Flexibility,"High Protein, Low Carb",154
Mesomorph,Endomorph,"Minimal Cardio, Light Resistance 2x/week","Calorie Surplus (~500kcal), High Fat (35%)",112
Endomorph,Endomorph,Full Body Workout 3x/week + Active Recovery,Healthy Balanced Diet,51
Mesomorph,Endomorph,"Weight Gain Focus: Light Lifting, No Cardio","Weight Gain Diet, Balanced Macros",75
Ectomorph,Mesomorph,Progressive Overload Lifting 4x/week,Calorie Surplus (~500kcal) + High Protein Shakes,142
Mesomorph,Mesomorph,Balanced Strength & Cardio 3x/2x week,"Maintenance Calories, Balanced Profile (35P/35C/30F)",66
Ectomorph,Ectomorph,Balanced Strength & Cardio 3x/2x week,Healthy Balanced Diet,76
Endomorph,Mesomorph,Full Body Strength 4x/week + Flexibility,"High Protein (35%), Low Carb (25%), Fiber Focus",174
Mesomorph,Mesomorph,"Athletic Maintenance: Strength 4x, Cardio 1x","Maintenance Calories, Balanced Profile (35P/35C/30F)",61
Ectomorph,Ectomorph,Light Full Body Workout 3x/week + Flexibility,Healthy Balanced Diet,57
Endomorph,Mesomorph,"Strength Training 4x/week, Cardio 1x/week","High Protein, Low Carb",164
Mesomorph,Ectomorph,"Endurance Training 4x/week, Light Resistance 1x/week","Calorie Deficit, Carb Emphasis (55%)",80
Endomorph,Ectomorph,"HIIT 3x/week, Long Cardio 1x/week","Calorie Deficit (~500kcal), High Carb Fuel",109
Ectomorph,Mesomorph,Progressive Overload Lifting 4x/week,Calorie Surplus (~500kcal) + High Protein Shakes,125
Mesomorph,Ectomorph,"High Volume Cardio, Low Weight Reps","Low Protein Diet, Increased Cardio Fuel",88
Mesomorph,Endomorph,"Minimal Cardio, Light Resistance 2x/week","Calorie Surplus (~500kcal), High Fat (35%)",103
Ectomorph,Mesomorph,"Muscle Gain Focus: Heavy Weights, Minimal Cardio","High Protein, High Calorie Surplus",153
Endomorph,Endomorph,"Maintenance Routine: Strength 3x, Cardio 2x",Healthy Balanced Diet,32
Ectomorph,Mesomorph,"Muscle Gain Focus: Heavy Weights, Minimal Cardio","Muscle Gain Diet: High Protein (35%), High Carb (45%)",173
Ectomorph,Ectomorph,"Maintenance Routine: Strength 3x, Cardio 2x",Balanced Macronutrient Diet,36
Endomorph,Mesomorph,Full Body Strength 4x/week + Flexibility,"Lean Protein Focus, Reduced Carbs",180
Ectomorph,Endomorph,"Light Resistance 3x/week, No Cardio","Weight Gain Focus: High Fat (45%), Large Calorie Surplus",129
Mesomorph,Ectomorph,"Endurance Training 4x/week, Light Resistance 1x/week","High Carb, Low Protein, Calorie Deficit",88
Ectomorph,Endomorph,"Minimal Activity, Light Strength","High Calorie, High Fat Diet",96
Mesomorph,Ectomorph,"Endurance Training 4x/week, Light Resistance 1x/week","Low Protein Diet, Increased Cardio Fuel",70
Mesomorph,Endomorph,"Weight Gain Focus: Light Lifting, No Cardio","Weight Gain Diet, Balanced Macros",84
Endomorph,Ectomorph,"HIIT 3x/week, Long Cardio 1x/week","Carb-Focused Energy Diet, Protein 25%",84
Mesomorph,Mesomorph,"Athletic Maintenance: Strength 4x, Cardio 1x","Maintenance Calories, Balanced Profile (35P/35C/30F)",39
Endomorph,Ectomorph,"HIIT 3x/week, Long Cardio 1x/week","Calorie Deficit (~500kcal), High Carb Fuel",99
Mesomorph,Endomorph,"Minimal Cardio, Light Resistance 2x/week","High Calorie Balanced Diet, Calorie Surplus",78
Mesomorph,Endomorph,"Weight Gain Focus: Light Lifting, No Cardio","High Calorie Balanced Diet, Calorie Surplus",119
Mesomorph,Mesomorph,"Maintenance Routine: Strength 3x, Cardio 2x",Performance Maintenance Diet,39
Ectomorph,Ectomorph,"Maintenance Routine: Strength 3x, Cardio 2x",Balanced Macronutrient Diet,61
Ectomorph,Mesomorph,Heavy Strength Training 5x/week,"Muscle Gain Diet: High Protein (35%), High Carb (45%)",120
Endomorph,Ectomorph,Endurance & HIIT 4x/week,"Carb-Focused Energy Diet, Protein 25%",120
Ectomorph,Ectomorph,Light Full Body Workout 3x/week + Flexibility,"Maintenance Calories, Balanced Profile (25P/45C/30F)",37
Mesomorph,Endomorph,Low Frequency Training 3x/week,"Calorie Surplus (~500kcal), High Fat (35%)",76
Ectomorph,Mesomorph,Progressive Overload Lifting 4x/week,Calorie Surplus (~500kcal) + High Protein Shakes,149
Ectomorph,Endomorph,Weight Gain Workout: Light Lifting 2x/week,"Weight Gain Focus: High Fat (45%), Large Calorie Surplus",118
Mesomorph,Endomorph,"Minimal Cardio, Light Resistance 2x/week","Weight Gain Diet, Balanced Macros",72
Mesomorph,Mesomorph,"Athletic Maintenance: Strength 4x, Cardio 1x",Balanced Macronutrient Diet,89
Mesomorph,Ectomorph,Cardio Focus 5x/week,"High Carb, Low Protein, Calorie Deficit",78
